UID,Expense,UserInfo
1,200,"{""name"":{""fname"":""Ram"",""lname"":""Kumar""},""address"":""mangalore"",""pin"":12345}"
2,9,"{""name"":{""fname"":""Kamal"",""lname"":""Kumar""},""address"":""mangalore"",""pin"":12345}"
3,202,"{""name"":{""fname"":""Laxman"",""lname"":""Kumar""},""address"":""mangalore"",""pin"":12345}"
4,203,"{""name"":{""fname"":""Ram5"",""lname"":""Kumar""},""address"":""mangalore"",""pin"":12345}"
5,54,"{""name"":{""fname"":""Ram1"",""lname"":""Kumar""},""address"":""mangalore"",""pin"":12345}"
6,205,"{""name"":{""fname"":""Ram2"",""lname"":""Kumar""},""address"":""mangalore"",""pin"":12345}"
7,654,"{""name"":{""fname"":""Ram3"",""lname"":""Kumar""},""address"":""mangalore"",""pin"":12345}"
8,207,
9,208,"{""name"":{""fname"":""Ram4"",""lname"":""Kumar""},""address"":""mangalore"",""pin"":12345}"
1,209,"{""name"":{""fname"":""Ram"",""lname"":""Kumar""},""address"":""mangalore"",""pin"":12345}"
2,85,"{""name"":{""fname"":""Kamal"",""lname"":""Kumar""},""address"":""mangalore"",""pin"":12345}"
3,211,"{""name"":{""fname"":""Laxman"",""lname"":""Kumar""},""address"":""mangalore"",""pin"":12345}"
5,212,"{""name"":{""fname"":""Ram5"",""lname"":""Kumar""},""address"":""mangalore"",""pin"":12345}"
5,213,"{""name"":{""fname"":""Ram1"",""lname"":""Kumar""},""address"":""mangalore"",""pin"":12345}"
15,76,"{""name"":{""fname"":""Ram2"",""lname"":""Kumar""},""address"":""mangalore"",""pin"":12345}"
16,215,"{""name"":{""fname"":""Ram3"",""lname"":""Kumar""},""address"":""mangalore"",""pin"":12345}"
17,216,
9,87,"{""name"":{""fname"":""Ram4"",""lname"":""Kumar""},""address"":""mangalore"",""pin"":12345}"
1,218,"{""name"":{""fname"":""Ram"",""lname"":""Kumar""},""address"":""mangalore"",""pin"":12345}"
2,219,"{""name"":{""fname"":""Kamal"",""lname"":""Kumar""},""address"":""mangalore"",""pin"":12345}"
3,220,"{""name"":{""fname"":""Laxman"",""lname"":""Kumar""},""address"":""mangalore"",""pin"":12345}"
5,66,"{""name"":{""fname"":""Ram5"",""lname"":""Kumar""},""address"":""mangalore"",""pin"":12345}"
5,222,"{""name"":{""fname"":""Ram1"",""lname"":""Kumar""},""address"":""mangalore"",""pin"":12345}"
